best_checkpoint,best_epoch,best_val_macro_f1,condition,delta_best_val_macro_f1,delta_test_acc,delta_test_macro_f1,epochs_run,modalities,model,model_family,pretrained,rel_contrast,rel_equalize,rel_gamma,rel_highpass,rel_original,rel_sharpen,run,test_acc,test_macro_f1
/content/outputs_500_pretrained/deit_tiny_patch16_224_multimodal/best.ckpt,33,0.8238380283116014,multimodal,0.0234695200872205,0.0146666666666667,0.0113975336256919,43,original+gamma+contrast+highpass+equalize+sharpen,deit_tiny_patch16_224,vit,True,0.0372,0.0918,0.0473,0.0469,0.7382,0.0386,deit_tiny_patch16_224_multimodal,0.78,0.7774703801506017
/content/outputs_500_pretrained/deit_tiny_patch16_224_original/best.ckpt,6,0.8003685082243808,original,0.0,0.0,0.0,16,original,deit_tiny_patch16_224,vit,True,,,,,,,deit_tiny_patch16_224_original,0.7653333333333333,0.7660728465249097
/content/outputs_500_pretrained/densenet121_multimodal/best.ckpt,21,0.8714029217755315,multimodal,0.018869717823614,0.0053333333333334,0.0050089810033936,31,original+gamma+contrast+highpass+equalize+sharpen,densenet121,cnn,True,0.0118,0.0234,0.0115,0.0254,0.8803,0.0477,densenet121_multimodal,0.8453333333333334,0.8436952570504103
/content/outputs_500_pretrained/densenet121_original/best.ckpt,17,0.8525332039519175,original,0.0,0.0,0.0,27,original,densenet121,cnn,True,,,,,,,densenet121_original,0.84,0.8386862760470166
/content/outputs_500_pretrained/efficientnet_b0_multimodal/best.ckpt,7,0.8277816492450638,multimodal,-0.0054567961799907,-0.0306666666666666,-0.030653144724702,17,original+gamma+contrast+highpass+equalize+sharpen,efficientnet_b0,cnn,True,0.0169,0.0112,0.0065,0.0094,0.9466,0.0094,efficientnet_b0_multimodal,0.8013333333333333,0.7997687328537955
/content/outputs_500_pretrained/efficientnet_b0_original/best.ckpt,10,0.8332384454250545,original,0.0,0.0,0.0,20,original,efficientnet_b0,cnn,True,,,,,,,efficientnet_b0_original,0.832,0.8304218775784975
/content/outputs_500_pretrained/mobilenet_v3_small_multimodal/best.ckpt,9,0.7813415972338346,multimodal,-0.0295218558326082,-0.0386666666666667,-0.0425394507852852,19,original+gamma+contrast+highpass+equalize+sharpen,mobilenet_v3_small,cnn,True,0.0058,0.0165,0.0073,0.0073,0.9557,0.0074,mobilenet_v3_small_multimodal,0.7413333333333333,0.7334582065575009
/content/outputs_500_pretrained/mobilenet_v3_small_original/best.ckpt,29,0.8108634530664428,original,0.0,0.0,0.0,39,original,mobilenet_v3_small,cnn,True,,,,,,,mobilenet_v3_small_original,0.78,0.7759976573427861
/content/outputs_500_pretrained/resnet18_multimodal/best.ckpt,27,0.8597805693925216,multimodal,0.0240615717603974,0.0213333333333334,0.0239863845855048,37,original+gamma+contrast+highpass+equalize+sharpen,resnet18,cnn,True,0.0147,0.0221,0.0072,0.0316,0.8728,0.0516,resnet18_multimodal,0.8373333333333334,0.837365419028532
/content/outputs_500_pretrained/resnet18_original/best.ckpt,28,0.8357189976321241,original,0.0,0.0,0.0,38,original,resnet18,cnn,True,,,,,,,resnet18_original,0.816,0.8133790344430272
/content/outputs_500_pretrained/swin_tiny_patch4_window7_224_multimodal/best.ckpt,45,0.8672548369550881,multimodal,0.0982686740338486,0.1013333333333332,0.114732714082711,55,original+gamma+contrast+highpass+equalize+sharpen,swin_tiny_patch4_window7_224,vit,True,0.0509,0.0897,0.0318,0.0371,0.7484,0.0421,swin_tiny_patch4_window7_224_multimodal,0.836,0.8370385531718021
/content/outputs_500_pretrained/swin_tiny_patch4_window7_224_original/best.ckpt,26,0.7689861629212394,original,0.0,0.0,0.0,36,original,swin_tiny_patch4_window7_224,vit,True,,,,,,,swin_tiny_patch4_window7_224_original,0.7346666666666667,0.7223058390890911
/content/outputs_500_pretrained/vit_tiny_patch16_224_multimodal/best.ckpt,8,0.8157851822450333,multimodal,0.0253437136325656,0.0066666666666667,0.0012595695525929,18,original+gamma+contrast+highpass+equalize+sharpen,vit_tiny_patch16_224,vit,True,0.0202,0.0789,0.0215,0.0374,0.8127,0.0293,vit_tiny_patch16_224_multimodal,0.772,0.7661515880079266
/content/outputs_500_pretrained/vit_tiny_patch16_224_original/best.ckpt,6,0.7904414686124677,original,0.0,0.0,0.0,16,original,vit_tiny_patch16_224,vit,True,,,,,,,vit_tiny_patch16_224_original,0.7653333333333333,0.7648920184553336
