split,label,safe_label,path,source_index
test,unbarred_spiral,unbarred_spiral,test/unbarred_spiral/unbarred_spiral_0000.jpg,test:0:73
test,edge_on_disk,edge_on_disk,test/edge_on_disk/edge_on_disk_0000.jpg,test:0:117
test,barred_spiral,barred_spiral,test/barred_spiral/barred_spiral_0000.jpg,test:0:124
test,smooth_round,smooth_round,test/smooth_round/smooth_round_0000.jpg,test:0:157
test,smooth_round,smooth_round,test/smooth_round/smooth_round_0001.jpg,test:0:159
test,unbarred_spiral,unbarred_spiral,test/unbarred_spiral/unbarred_spiral_0001.jpg,test:0:206
test,edge_on_disk,edge_on_disk,test/edge_on_disk/edge_on_disk_0001.jpg,test:0:218
test,unbarred_spiral,unbarred_spiral,test/unbarred_spiral/unbarred_spiral_0002.jpg,test:0:251
test,unbarred_spiral,unbarred_spiral,test/unbarred_spiral/unbarred_spiral_0003.jpg,test:0:253
test,smooth_round,smooth_round,test/smooth_round/smooth_round_0002.jpg,test:0:259
test,barred_spiral,barred_spiral,test/barred_spiral/barred_spiral_0001.jpg,test:0:260
test,smooth_round,smooth_round,test/smooth_round/smooth_round_0003.jpg,test:0:274
test,edge_on_disk,edge_on_disk,test/edge_on_disk/edge_on_disk_0002.jpg,test:0:287
test,unbarred_spiral,unbarred_spiral,test/unbarred_spiral/unbarred_spiral_0004.jpg,test:0:319
test,smooth_round,smooth_round,test/smooth_round/smooth_round_0004.jpg,test:0:364
test,edge_on_disk,edge_on_disk,test/edge_on_disk/edge_on_disk_0003.jpg,test:0:368
test,unbarred_spiral,unbarred_spiral,test/unbarred_spiral/unbarred_spiral_0005.jpg,test:0:383
test,barred_spiral,barred_spiral,test/barred_spiral/barred_spiral_0002.jpg,test:0:440
test,edge_on_disk,edge_on_disk,test/edge_on_disk/edge_on_disk_0004.jpg,test:0:445
test,edge_on_disk,edge_on_disk,test/edge_on_disk/edge_on_disk_0005.jpg,test:0:471
test,barred_spiral,barred_spiral,test/barred_spiral/barred_spiral_0003.jpg,test:0:488
test,smooth_round,smooth_round,test/smooth_round/smooth_round_0005.jpg,test:0:492
test,smooth_round,smooth_round,test/smooth_round/smooth_round_0006.jpg,test:0:498
test,edge_on_disk,edge_on_disk,test/edge_on_disk/edge_on_disk_0006.jpg,test:0:503
test,smooth_round,smooth_round,test/smooth_round/smooth_round_0007.jpg,test:0:515
test,smooth_round,smooth_round,test/smooth_round/smooth_round_0008.jpg,test:0:526
test,unbarred_spiral,unbarred_spiral,test/unbarred_spiral/unbarred_spiral_0006.jpg,test:0:599
test,barred_spiral,barred_spiral,test/barred_spiral/barred_spiral_0004.jpg,test:0:604
test,edge_on_disk,edge_on_disk,test/edge_on_disk/edge_on_disk_0007.jpg,test:0:619
test,barred_spiral,barred_spiral,test/barred_spiral/barred_spiral_0005.jpg,test:0:668
test,barred_spiral,barred_spiral,test/barred_spiral/barred_spiral_0006.jpg,test:0:684
test,edge_on_disk,edge_on_disk,test/edge_on_disk/edge_on_disk_0008.jpg,test:0:688
test,barred_spiral,barred_spiral,test/barred_spiral/barred_spiral_0007.jpg,test:0:700
test,barred_spiral,barred_spiral,test/barred_spiral/barred_spiral_0008.jpg,test:0:718
test,unbarred_spiral,unbarred_spiral,test/unbarred_spiral/unbarred_spiral_0007.jpg,test:0:732
test,barred_spiral,barred_spiral,test/barred_spiral/barred_spiral_0009.jpg,test:0:790
test,unbarred_spiral,unbarred_spiral,test/unbarred_spiral/unbarred_spiral_0008.jpg,test:0:820
test,edge_on_disk,edge_on_disk,test/edge_on_disk/edge_on_disk_0009.jpg,test:0:835
test,smooth_cigar,smooth_cigar,test/smooth_cigar/smooth_cigar_0000.jpg,test:0:871
test,smooth_cigar,smooth_cigar,test/smooth_cigar/smooth_cigar_0001.jpg,test:0:881
test,unbarred_spiral,unbarred_spiral,test/unbarred_spiral/unbarred_spiral_0009.jpg,test:0:911
test,unbarred_spiral,unbarred_spiral,test/unbarred_spiral/unbarred_spiral_0010.jpg,test:0:918
test,smooth_cigar,smooth_cigar,test/smooth_cigar/smooth_cigar_0002.jpg,test:0:930
test,smooth_cigar,smooth_cigar,test/smooth_cigar/smooth_cigar_0003.jpg,test:0:969
test,smooth_round,smooth_round,test/smooth_round/smooth_round_0009.jpg,test:0:1005
test,unbarred_spiral,unbarred_spiral,test/unbarred_spiral/unbarred_spiral_0011.jpg,test:0:1016
test,edge_on_disk,edge_on_disk,test/edge_on_disk/edge_on_disk_0010.jpg,test:0:1034
test,barred_spiral,barred_spiral,test/barred_spiral/barred_spiral_0010.jpg,test:0:1051
test,smooth_round,smooth_round,test/smooth_round/smooth_round_0010.jpg,test:0:1057
test,barred_spiral,barred_spiral,test/barred_spiral/barred_spiral_0011.jpg,test:0:1078
test,smooth_round,smooth_round,test/smooth_round/smooth_round_0011.jpg,test:0:1084
test,smooth_cigar,smooth_cigar,test/smooth_cigar/smooth_cigar_0004.jpg,test:0:1239
test,smooth_cigar,smooth_cigar,test/smooth_cigar/smooth_cigar_0005.jpg,test:0:1360
test,edge_on_disk,edge_on_disk,test/edge_on_disk/edge_on_disk_0011.jpg,test:0:1375
test,smooth_cigar,smooth_cigar,test/smooth_cigar/smooth_cigar_0006.jpg,test:0:1693
test,smooth_cigar,smooth_cigar,test/smooth_cigar/smooth_cigar_0007.jpg,test:0:1848
test,smooth_cigar,smooth_cigar,test/smooth_cigar/smooth_cigar_0008.jpg,test:0:2038
test,smooth_cigar,smooth_cigar,test/smooth_cigar/smooth_cigar_0009.jpg,test:0:2067
test,smooth_cigar,smooth_cigar,test/smooth_cigar/smooth_cigar_0010.jpg,test:0:2382
test,smooth_cigar,smooth_cigar,test/smooth_cigar/smooth_cigar_0011.jpg,test:0:2407
